dataname,d,b,num_env,gamma2,TMB,mode,etrue,espur,emiss,efals,shd,tpr,time
notears,20,3,10,0.5,1,aS,17,0,2,1,3,0.94,3.1581287384033203
notears,20,3,10,0.5,1,aS,18,0,1,1,2,0.95,3.6015853881835938
notears,20,3,10,0.5,1,aS,17,1,2,1,4,0.89,3.5239195823669434
notears,20,3,10,0.5,1,aS,17,0,2,1,3,0.94,3.5818095207214355
notears,20,3,10,0.5,1,aS,18,0,2,0,2,1.0,3.5440828800201416
notears,20,4,10,0.5,1,aS,15,0,3,2,5,0.88,4.652024030685425
notears,20,4,10,0.5,1,aS,17,0,2,1,3,0.94,4.825617551803589
notears,20,4,10,0.5,1,aS,19,0,1,0,1,1.0,4.75981068611145
notears,20,4,10,0.5,1,aS,17,0,2,1,3,0.94,4.8362791538238525
notears,20,4,10,0.5,1,aS,15,0,3,2,5,0.88,4.733138084411621
notears,20,5,10,0.5,1,aS,15,0,4,1,5,0.94,4.3353400230407715
notears,20,5,10,0.5,1,aS,15,1,4,1,6,0.88,4.395156145095825
notears,20,5,10,0.5,1,aS,16,0,3,1,4,0.94,4.216444969177246
notears,20,5,10,0.5,1,aS,17,0,3,0,3,1.0,4.384020090103149
notears,20,5,10,0.5,1,aS,14,0,4,2,6,0.88,4.523607969284058
notears,40,3,10,0.5,1,aS,35,1,4,1,6,0.95,9.974436283111572
notears,40,3,10,0.5,1,aS,30,2,9,1,12,0.91,10.481251239776611
notears,40,3,10,0.5,1,aS,23,2,12,5,19,0.77,10.520312547683716
notears,40,3,10,0.5,1,aS,28,2,8,4,14,0.82,9.95130729675293
notears,40,3,10,0.5,1,aS,28,2,11,1,14,0.9,10.16523551940918
notears,40,4,10,0.5,1,aS,30,2,8,2,12,0.88,10.5956449508667
notears,40,4,10,0.5,1,aS,38,1,2,0,3,0.97,9.857452392578125
notears,40,4,10,0.5,1,aS,32,2,6,2,10,0.89,9.33069658279419
notears,40,4,10,0.5,1,aS,26,2,10,4,16,0.81,10.060574769973755
notears,40,4,10,0.5,1,aS,37,1,3,0,4,0.97,9.779422283172607
notears,40,5,10,0.5,1,aS,34,2,6,0,8,0.94,10.351025104522705
notears,40,5,10,0.5,1,aS,23,2,13,4,19,0.79,10.243558883666992
notears,40,5,10,0.5,1,aS,22,2,11,7,20,0.71,10.166618585586548
notears,40,5,10,0.5,1,aS,29,2,8,3,13,0.85,10.397176265716553
notears,40,5,10,0.5,1,aS,31,2,7,2,11,0.89,10.285547733306885
notears,60,3,10,0.5,1,aS,39,1,12,9,22,0.8,15.458672761917114
notears,60,3,10,0.5,1,aS,47,0,9,4,13,0.92,14.313499927520752
notears,60,3,10,0.5,1,aS,43,1,9,8,18,0.83,14.495434761047363
notears,60,3,10,0.5,1,aS,43,2,10,7,19,0.83,14.342090606689453
notears,60,3,10,0.5,1,aS,43,1,11,6,18,0.86,14.56944727897644
notears,60,4,10,0.5,1,aS,46,2,8,6,16,0.85,14.900201559066772
notears,60,4,10,0.5,1,aS,45,1,8,7,16,0.85,14.016430616378784
notears,60,4,10,0.5,1,aS,39,2,12,9,23,0.78,13.80625295639038
notears,60,4,10,0.5,1,aS,46,1,8,6,15,0.87,15.030744314193726
notears,60,4,10,0.5,1,aS,44,2,10,6,18,0.85,14.667189359664917
notears,60,5,10,0.5,1,aS,39,1,14,7,22,0.83,15.514884233474731
notears,60,5,10,0.5,1,aS,39,1,11,10,22,0.78,14.565581798553467
notears,60,5,10,0.5,1,aS,39,1,13,8,22,0.81,15.629054546356201
notears,60,5,10,0.5,1,aS,37,1,15,8,24,0.8,14.547670602798462
notears,60,5,10,0.5,1,aS,40,1,11,9,21,0.8,14.882530689239502
notears,80,3,10,0.5,1,aS,59,6,14,7,27,0.82,19.18777060508728
notears,80,3,10,0.5,1,aS,50,5,17,13,35,0.74,18.8099102973938
notears,80,3,10,0.5,1,aS,58,5,12,10,27,0.79,20.561248540878296
notears,80,3,10,0.5,1,aS,55,5,16,9,30,0.8,18.18629741668701
notears,80,3,10,0.5,1,aS,59,5,14,7,26,0.83,18.971853494644165
notears,80,4,10,0.5,1,aS,61,2,14,5,21,0.9,19.94785761833191
notears,80,4,10,0.5,1,aS,58,4,13,9,26,0.82,19.719711542129517
notears,80,4,10,0.5,1,aS,56,3,17,7,27,0.85,18.46137499809265
notears,80,4,10,0.5,1,aS,56,3,13,11,27,0.8,18.516751527786255
notears,80,4,10,0.5,1,aS,59,2,13,8,23,0.86,19.15414071083069
notears,80,5,10,0.5,1,aS,46,4,19,15,38,0.71,21.239399671554565
notears,80,5,10,0.5,1,aS,50,1,17,13,31,0.78,22.042899131774902
notears,80,5,10,0.5,1,aS,57,2,13,10,25,0.83,20.56824016571045
notears,80,5,10,0.5,1,aS,46,3,18,16,37,0.71,21.325618267059326
notears,80,5,10,0.5,1,aS,44,3,19,17,39,0.69,21.357423543930054
notears,100,3,10,0.5,1,aS,70,1,19,11,31,0.85,25.572345972061157
notears,100,3,10,0.5,1,aS,74,1,18,8,27,0.89,25.664579153060913
notears,100,3,10,0.5,1,aS,74,2,17,9,28,0.87,24.562212705612183
notears,100,3,10,0.5,1,aS,66,2,21,13,36,0.81,25.083614587783813
notears,100,3,10,0.5,1,aS,81,1,15,4,20,0.94,24.021075010299683
notears,100,4,10,0.5,1,aS,74,2,18,8,28,0.88,26.475824117660522
notears,100,4,10,0.5,1,aS,74,2,18,8,28,0.88,24.78963017463684
notears,100,4,10,0.5,1,aS,72,2,18,10,30,0.86,24.976423740386963
notears,100,4,10,0.5,1,aS,68,1,19,13,33,0.83,24.382333040237427
notears,100,4,10,0.5,1,aS,77,1,18,5,24,0.93,24.52290678024292
notears,100,5,10,0.5,1,aS,69,3,21,10,34,0.84,28.997188329696655
notears,100,5,10,0.5,1,aS,66,3,19,15,37,0.79,27.57168412208557
notears,100,5,10,0.5,1,aS,65,2,24,11,37,0.83,26.716398000717163
notears,100,5,10,0.5,1,aS,61,3,26,13,42,0.79,28.6192364692688
notears,100,5,10,0.5,1,aS,58,5,29,13,47,0.76,27.276471614837646
notears,20,3,10,0.5,1,n,16,0,1,3,4,0.84,5.157793760299683
notears,20,3,10,0.5,1,n,15,0,2,3,5,0.83,5.350283145904541
notears,20,3,10,0.5,1,n,17,0,0,3,3,0.85,5.118664503097534
notears,20,3,10,0.5,1,n,17,0,0,3,3,0.85,5.512310028076172
notears,20,3,10,0.5,1,n,15,0,2,3,5,0.83,5.1054699420928955
notears,20,4,10,0.5,1,n,17,1,1,2,4,0.85,5.01924204826355
notears,20,4,10,0.5,1,n,18,1,1,1,3,0.9,4.925724267959595
notears,20,4,10,0.5,1,n,17,1,1,2,4,0.85,4.713469982147217
notears,20,4,10,0.5,1,n,18,1,1,1,3,0.9,4.653867483139038
notears,20,4,10,0.5,1,n,18,1,1,1,3,0.9,4.874847650527954
notears,20,5,10,0.5,1,n,15,1,2,3,6,0.79,5.0101964473724365
notears,20,5,10,0.5,1,n,15,1,2,3,6,0.79,4.811992168426514
notears,20,5,10,0.5,1,n,12,1,3,5,9,0.67,4.945762395858765
notears,20,5,10,0.5,1,n,16,1,2,2,5,0.84,4.812154293060303
notears,20,5,10,0.5,1,n,16,1,2,2,5,0.84,4.803150653839111
notears,40,3,10,0.5,1,n,33,0,2,5,7,0.87,9.653752326965332
notears,40,3,10,0.5,1,n,31,0,3,6,9,0.84,9.442963123321533
notears,40,3,10,0.5,1,n,29,0,4,7,11,0.81,9.506814002990723
notears,40,3,10,0.5,1,n,27,0,6,7,13,0.79,10.811963558197021
notears,40,3,10,0.5,1,n,29,0,4,7,11,0.81,10.158030271530151
notears,40,4,10,0.5,1,n,29,1,8,3,12,0.88,10.85790467262268
notears,40,4,10,0.5,1,n,27,1,7,6,14,0.79,11.44672417640686
notears,40,4,10,0.5,1,n,23,3,10,7,20,0.7,11.552953958511353
notears,40,4,10,0.5,1,n,24,2,8,8,18,0.71,10.690087080001831
notears,40,4,10,0.5,1,n,26,1,8,6,15,0.79,11.004424333572388
notears,40,5,10,0.5,1,n,28,2,6,6,14,0.78,10.009680271148682
notears,40,5,10,0.5,1,n,24,2,7,9,18,0.69,9.764453887939453
notears,40,5,10,0.5,1,n,27,2,8,5,15,0.79,9.502290487289429
notears,40,5,10,0.5,1,n,28,2,6,6,14,0.78,9.884063720703125
notears,40,5,10,0.5,1,n,19,2,12,9,23,0.63,9.90065860748291
notears,60,3,10,0.5,1,n,43,2,7,10,19,0.78,15.807851791381836
notears,60,3,10,0.5,1,n,45,2,4,11,17,0.78,16.512343168258667
notears,60,3,10,0.5,1,n,42,2,7,11,20,0.76,16.427210092544556
notears,60,3,10,0.5,1,n,42,2,7,11,20,0.76,16.22952151298523
notears,60,3,10,0.5,1,n,40,2,10,10,22,0.77,16.001245975494385
notears,60,4,10,0.5,1,n,38,1,8,14,23,0.72,16.066094875335693
notears,60,4,10,0.5,1,n,39,1,7,14,22,0.72,15.706897974014282
notears,60,4,10,0.5,1,n,37,1,7,16,24,0.69,15.459999799728394
notears,60,4,10,0.5,1,n,39,2,7,14,23,0.71,14.872568368911743
notears,60,4,10,0.5,1,n,37,2,10,13,25,0.71,15.057549953460693
notears,60,5,10,0.5,1,n,27,2,15,18,35,0.57,17.077574253082275
notears,60,5,10,0.5,1,n,30,1,17,13,31,0.68,15.131958961486816
notears,60,5,10,0.5,1,n,31,1,14,15,30,0.66,16.163742542266846
notears,60,5,10,0.5,1,n,28,1,16,16,33,0.62,16.672027587890625
notears,60,5,10,0.5,1,n,29,1,14,17,32,0.62,17.46612024307251
notears,80,3,10,0.5,1,n,52,4,14,14,32,0.74,22.77038335800171
notears,80,3,10,0.5,1,n,43,2,17,20,39,0.66,22.762727737426758
notears,80,3,10,0.5,1,n,57,2,8,15,25,0.77,22.391124963760376
notears,80,3,10,0.5,1,n,51,3,13,16,32,0.73,23.678274631500244
notears,80,3,10,0.5,1,n,50,4,13,17,34,0.7,23.49527096748352
notears,80,4,10,0.5,1,n,45,2,12,23,37,0.64,21.60287618637085
notears,80,4,10,0.5,1,n,46,3,10,24,37,0.63,20.58507251739502
notears,80,4,10,0.5,1,n,38,2,16,26,44,0.58,20.672439098358154
notears,80,4,10,0.5,1,n,45,1,13,22,36,0.66,21.81747269630432
notears,80,4,10,0.5,1,n,44,3,13,23,39,0.63,21.76916265487671
notears,80,5,10,0.5,1,n,45,2,12,23,37,0.64,21.811155796051025
notears,80,5,10,0.5,1,n,47,1,11,22,34,0.67,22.62960171699524
notears,80,5,10,0.5,1,n,44,2,11,25,38,0.62,23.00562596321106
notears,80,5,10,0.5,1,n,40,1,14,26,41,0.6,22.768715858459473
notears,80,5,10,0.5,1,n,49,1,10,21,32,0.69,23.56369924545288
notears,100,3,10,0.5,1,n,56,2,17,27,46,0.66,29.349536657333374
notears,100,3,10,0.5,1,n,54,2,18,28,48,0.64,29.574569940567017
notears,100,3,10,0.5,1,n,57,2,17,26,45,0.67,29.308064222335815
notears,100,3,10,0.5,1,n,70,1,12,18,31,0.79,29.95638108253479
notears,100,3,10,0.5,1,n,67,2,14,19,35,0.76,29.617363214492798
notears,100,4,10,0.5,1,n,68,2,13,19,34,0.76,30.094280242919922
notears,100,4,10,0.5,1,n,61,2,11,28,41,0.67,29.527474403381348
notears,100,4,10,0.5,1,n,60,3,14,26,43,0.67,29.529404401779175
notears,100,4,10,0.5,1,n,53,2,18,29,49,0.63,29.017057180404663
notears,100,4,10,0.5,1,n,64,2,16,20,38,0.74,29.94219183921814
notears,100,5,10,0.5,1,n,54,4,21,25,50,0.65,29.529196977615356
notears,100,5,10,0.5,1,n,63,2,13,24,39,0.71,28.956137895584106
notears,100,5,10,0.5,1,n,48,5,22,30,57,0.58,29.67273736000061
notears,100,5,10,0.5,1,n,50,5,22,28,55,0.6,31.1319317817688
notears,100,5,10,0.5,1,n,61,3,16,23,42,0.7,30.695931434631348
notears,20,3,10,0.5,1,aS,16,1,2,2,5,0.84,4.0922181606292725
notears,20,3,10,0.5,1,aS,18,0,1,1,2,0.95,3.8105435371398926
notears,20,3,10,0.5,1,aS,17,0,2,1,3,0.94,3.8641483783721924
notears,20,3,10,0.5,1,aS,18,0,2,0,2,1.0,4.08351993560791
notears,20,3,10,0.5,1,aS,20,0,0,0,0,1.0,4.018870115280151
notears,20,4,10,0.5,1,aS,15,1,3,2,6,0.83,4.652873516082764
notears,20,4,10,0.5,1,aS,18,0,1,1,2,0.95,4.392914533615112
notears,20,4,10,0.5,1,aS,15,1,3,2,6,0.83,4.7265784740448
notears,20,4,10,0.5,1,aS,18,0,1,1,2,0.95,4.526374340057373
notears,20,4,10,0.5,1,aS,17,0,2,1,3,0.94,4.198690414428711
notears,20,5,10,0.5,1,aS,14,0,4,2,6,0.88,4.671100616455078
notears,20,5,10,0.5,1,aS,14,0,4,2,6,0.88,4.234413146972656
notears,20,5,10,0.5,1,aS,14,0,4,2,6,0.88,4.5112624168396
notears,20,5,10,0.5,1,aS,13,0,5,2,7,0.87,4.616936445236206
notears,20,5,10,0.5,1,aS,14,0,4,2,6,0.88,4.397200345993042
notears,40,3,10,0.5,1,aS,32,1,6,2,9,0.91,9.667711019515991
notears,40,3,10,0.5,1,aS,28,2,9,3,14,0.85,9.703171491622925
notears,40,3,10,0.5,1,aS,21,2,14,5,21,0.75,9.713885068893433
notears,40,3,10,0.5,1,aS,27,2,11,2,15,0.87,9.426931858062744
notears,40,3,10,0.5,1,aS,25,2,11,4,17,0.81,9.52858304977417
notears,40,4,10,0.5,1,aS,26,1,8,6,15,0.79,10.266687631607056
notears,40,4,10,0.5,1,aS,31,1,6,3,10,0.89,10.015807151794434
notears,40,4,10,0.5,1,aS,29,2,9,2,13,0.88,10.437059879302979
notears,40,4,10,0.5,1,aS,27,2,9,4,15,0.82,9.785167932510376
notears,40,4,10,0.5,1,aS,37,1,2,1,4,0.95,10.286550760269165
notears,40,5,10,0.5,1,aS,20,2,14,6,22,0.71,10.681788921356201
notears,40,5,10,0.5,1,aS,20,2,13,7,22,0.69,9.934291362762451
notears,40,5,10,0.5,1,aS,17,2,16,7,25,0.65,10.28266978263855
notears,40,5,10,0.5,1,aS,22,2,11,7,20,0.71,9.861975193023682
notears,40,5,10,0.5,1,aS,27,1,9,4,14,0.84,9.878187656402588
notears,60,3,10,0.5,1,aS,45,1,8,7,16,0.85,14.502535104751587
notears,60,3,10,0.5,1,aS,38,1,14,8,23,0.81,14.569925308227539
notears,60,3,10,0.5,1,aS,44,2,10,6,18,0.85,14.370707273483276
notears,60,3,10,0.5,1,aS,41,1,10,9,20,0.8,14.231553792953491
notears,60,3,10,0.5,1,aS,43,1,10,7,18,0.84,13.848180532455444
notears,60,4,10,0.5,1,aS,41,2,12,7,21,0.82,13.278795003890991
notears,60,4,10,0.5,1,aS,41,2,12,7,21,0.82,13.31426739692688
notears,60,4,10,0.5,1,aS,40,2,12,8,22,0.8,13.852180242538452
notears,60,4,10,0.5,1,aS,47,2,9,4,15,0.89,13.914413928985596
notears,60,4,10,0.5,1,aS,41,0,12,7,19,0.85,13.918121576309204
notears,60,5,10,0.5,1,aS,39,0,13,8,21,0.83,16.094446420669556
notears,60,5,10,0.5,1,aS,36,1,14,10,25,0.77,14.751007318496704
notears,60,5,10,0.5,1,aS,36,1,13,11,25,0.75,14.313079357147217
notears,60,5,10,0.5,1,aS,44,0,8,8,16,0.85,14.381804466247559
notears,60,5,10,0.5,1,aS,34,1,14,12,27,0.72,14.844786167144775
notears,80,3,10,0.5,1,aS,50,6,19,11,36,0.75,20.681847095489502
notears,80,3,10,0.5,1,aS,60,4,11,9,24,0.82,19.189822673797607
notears,80,3,10,0.5,1,aS,62,5,14,4,23,0.87,20.79488730430603
notears,80,3,10,0.5,1,aS,59,3,14,7,24,0.86,21.059617519378662
notears,80,3,10,0.5,1,aS,51,4,17,12,33,0.76,21.044931650161743
notears,80,4,10,0.5,1,aS,58,1,14,8,23,0.87,19.837477922439575
notears,80,4,10,0.5,1,aS,63,2,12,5,19,0.9,18.797934770584106
notears,80,4,10,0.5,1,aS,55,1,14,11,26,0.82,19.021382570266724
notears,80,4,10,0.5,1,aS,52,3,16,12,31,0.78,19.88916850090027
notears,80,4,10,0.5,1,aS,48,3,17,15,35,0.73,19.144911766052246
notears,80,5,10,0.5,1,aS,49,3,20,11,34,0.78,19.492725133895874
notears,80,5,10,0.5,1,aS,49,1,18,13,32,0.78,18.93092703819275
notears,80,5,10,0.5,1,aS,57,3,15,8,26,0.84,19.301738262176514
notears,80,5,10,0.5,1,aS,59,2,14,7,23,0.87,19.110307216644287
notears,80,5,10,0.5,1,aS,54,2,15,11,28,0.81,19.831416130065918
notears,100,3,10,0.5,1,aS,69,2,20,11,33,0.84,26.032384634017944
notears,100,3,10,0.5,1,aS,60,1,23,17,41,0.77,25.34632706642151
notears,100,3,10,0.5,1,aS,76,2,17,7,26,0.89,24.299190282821655
notears,100,3,10,0.5,1,aS,75,1,17,8,26,0.89,25.10960364341736
notears,100,3,10,0.5,1,aS,72,2,19,9,30,0.87,25.44279980659485
notears,100,4,10,0.5,1,aS,70,2,20,10,32,0.85,27.708359956741333
notears,100,4,10,0.5,1,aS,67,2,24,9,35,0.86,25.83583927154541
notears,100,4,10,0.5,1,aS,68,2,24,8,34,0.87,25.639291524887085
notears,100,4,10,0.5,1,aS,70,2,20,10,32,0.85,26.07102108001709
notears,100,4,10,0.5,1,aS,65,1,21,14,36,0.81,26.53574562072754
notears,100,5,10,0.5,1,aS,67,3,21,12,36,0.82,25.628615140914917
notears,100,5,10,0.5,1,aS,66,3,22,12,37,0.81,23.926655769348145
notears,100,5,10,0.5,1,aS,68,2,21,11,34,0.84,23.88734245300293
notears,100,5,10,0.5,1,aS,74,1,17,9,27,0.88,24.500776052474976
notears,100,5,10,0.5,1,aS,74,3,17,9,29,0.86,23.197195291519165
notears,20,3,10,0.5,1,n,15,0,2,3,5,0.83,4.827382802963257
notears,20,3,10,0.5,1,n,14,0,2,4,6,0.78,5.056884527206421
notears,20,3,10,0.5,1,n,16,0,0,4,4,0.8,4.858908414840698
notears,20,3,10,0.5,1,n,16,0,0,4,4,0.8,4.65568470954895
notears,20,3,10,0.5,1,n,17,0,1,2,3,0.89,4.857811450958252
notears,20,4,10,0.5,1,n,16,2,2,2,6,0.8,4.287782430648804
notears,20,4,10,0.5,1,n,17,1,1,2,4,0.85,3.99999737739563
notears,20,4,10,0.5,1,n,19,1,0,1,2,0.9,4.4354894161224365
notears,20,4,10,0.5,1,n,19,1,0,1,2,0.9,4.3835835456848145
notears,20,4,10,0.5,1,n,18,1,1,1,3,0.9,4.411153078079224
notears,20,5,10,0.5,1,n,16,1,3,1,5,0.89,4.903827428817749
notears,20,5,10,0.5,1,n,16,1,3,1,5,0.89,4.9817214012146
notears,20,5,10,0.5,1,n,17,1,2,1,4,0.89,5.124223470687866
notears,20,5,10,0.5,1,n,16,1,3,1,5,0.89,5.232043981552124
notears,20,5,10,0.5,1,n,13,2,5,2,9,0.76,5.230287313461304
notears,40,3,10,0.5,1,n,27,2,8,5,15,0.79,9.493218421936035
notears,40,3,10,0.5,1,n,24,2,11,5,18,0.77,9.576528310775757
notears,40,3,10,0.5,1,n,17,1,12,11,24,0.59,9.39127492904663
notears,40,3,10,0.5,1,n,21,2,14,5,21,0.75,9.428135871887207
notears,40,3,10,0.5,1,n,30,1,5,5,11,0.83,9.270935535430908
notears,40,4,10,0.5,1,n,20,3,11,9,23,0.62,10.524621486663818
notears,40,4,10,0.5,1,n,28,2,7,5,14,0.8,10.140626192092896
notears,40,4,10,0.5,1,n,25,2,8,7,17,0.74,10.935165405273438
notears,40,4,10,0.5,1,n,24,2,9,7,18,0.73,10.71864652633667
notears,40,4,10,0.5,1,n,22,1,11,7,19,0.73,10.756651639938354
notears,40,5,10,0.5,1,n,26,2,8,6,16,0.76,10.290002822875977
notears,40,5,10,0.5,1,n,31,2,5,4,11,0.84,10.409696340560913
notears,40,5,10,0.5,1,n,27,2,6,7,15,0.75,10.536088705062866
notears,40,5,10,0.5,1,n,26,2,9,5,16,0.79,10.472611427307129
notears,40,5,10,0.5,1,n,25,3,9,6,18,0.74,10.74351978302002
notears,60,3,10,0.5,1,n,41,2,8,11,21,0.76,16.65327215194702
notears,60,3,10,0.5,1,n,39,3,9,12,24,0.72,16.174261331558228
notears,60,3,10,0.5,1,n,43,2,7,10,19,0.78,16.661004304885864
notears,60,3,10,0.5,1,n,32,2,12,16,30,0.64,16.35147523880005
notears,60,3,10,0.5,1,n,42,2,7,11,20,0.76,16.52516794204712
notears,60,4,10,0.5,1,n,34,2,13,13,28,0.69,16.389094829559326
notears,60,4,10,0.5,1,n,36,2,9,15,26,0.68,15.567612886428833
notears,60,4,10,0.5,1,n,31,3,11,18,32,0.6,15.09238600730896
notears,60,4,10,0.5,1,n,34,3,12,14,29,0.67,15.759397268295288
notears,60,4,10,0.5,1,n,38,3,9,13,25,0.7,15.907982349395752
notears,60,5,10,0.5,1,n,35,2,12,13,27,0.7,16.852418899536133
notears,60,5,10,0.5,1,n,30,1,14,16,31,0.64,15.278828382492065
notears,60,5,10,0.5,1,n,35,1,11,14,26,0.7,15.987972497940063
notears,60,5,10,0.5,1,n,36,2,14,10,26,0.75,15.537711381912231
notears,60,5,10,0.5,1,n,37,2,10,13,25,0.71,15.8104248046875
notears,80,3,10,0.5,1,n,49,4,12,19,35,0.68,22.952857971191406
notears,80,3,10,0.5,1,n,46,5,14,20,39,0.65,22.661521673202515
notears,80,3,10,0.5,1,n,44,3,14,22,39,0.64,22.179285049438477
notears,80,3,10,0.5,1,n,52,5,10,18,33,0.69,21.734121561050415
notears,80,3,10,0.5,1,n,48,2,12,20,34,0.69,22.36149525642395
notears,80,4,10,0.5,1,n,49,1,9,22,32,0.68,21.10287380218506
notears,80,4,10,0.5,1,n,54,1,9,17,27,0.75,21.70277500152588
notears,80,4,10,0.5,1,n,46,1,11,23,35,0.66,21.532082319259644
notears,80,4,10,0.5,1,n,47,3,12,21,36,0.66,21.55204749107361
notears,80,4,10,0.5,1,n,40,4,16,24,44,0.59,22.344085693359375
notears,80,5,10,0.5,1,n,47,3,11,22,36,0.65,23.078885078430176
notears,80,5,10,0.5,1,n,50,3,10,20,33,0.68,22.22605848312378
notears,80,5,10,0.5,1,n,42,3,14,24,41,0.61,22.050841569900513
notears,80,5,10,0.5,1,n,39,2,12,29,43,0.56,22.963019847869873
notears,80,5,10,0.5,1,n,48,2,9,23,34,0.66,23.253598928451538
notears,100,3,10,0.5,1,n,64,2,14,22,38,0.73,30.421605110168457
notears,100,3,10,0.5,1,n,66,2,14,20,36,0.75,28.57533884048462
notears,100,3,10,0.5,1,n,62,1,13,25,39,0.7,30.084856748580933
notears,100,3,10,0.5,1,n,63,2,14,23,39,0.72,30.72769570350647
notears,100,3,10,0.5,1,n,68,1,12,20,33,0.76,30.40883755683899
notears,100,4,10,0.5,1,n,56,4,19,25,48,0.66,30.646406650543213
notears,100,4,10,0.5,1,n,62,4,12,26,42,0.67,29.22348713874817
notears,100,4,10,0.5,1,n,54,4,18,28,50,0.63,29.738054990768433
notears,100,4,10,0.5,1,n,57,2,15,28,45,0.66,29.6730055809021
notears,100,4,10,0.5,1,n,59,3,13,28,44,0.66,28.621849298477173
notears,100,5,10,0.5,1,n,49,4,21,30,55,0.59,30.980338096618652
notears,100,5,10,0.5,1,n,58,6,19,23,48,0.67,30.583642959594727
notears,100,5,10,0.5,1,n,53,5,19,28,52,0.62,30.69700837135315
notears,100,5,10,0.5,1,n,54,5,22,24,51,0.65,30.68087077140808
notears,100,5,10,0.5,1,n,48,6,21,31,58,0.56,31.74134349822998
notears,200,3,10,0.5,1,aS,143,2,35,22,59,0.86,95.45282483100891
notears,200,3,10,0.5,1,aS,137,3,37,26,66,0.83,147.3090443611145
notears,200,3,10,0.5,1,aS,142,3,34,24,61,0.84,134.76875734329224
notears,200,3,10,0.5,1,aS,137,3,42,21,66,0.85,126.85073065757751
notears,200,3,10,0.5,1,aS,141,3,41,18,62,0.87,103.21543025970459
notears,200,3,10,0.5,1,aS,139,0,40,21,61,0.87,97.62772393226624
notears,200,3,10,0.5,1,aS,135,3,41,24,68,0.83,96.32709002494812
notears,200,3,10,0.5,1,aS,138,3,39,23,65,0.84,98.038813829422
notears,200,3,10,0.5,1,aS,151,3,33,16,52,0.89,100.76081323623657
notears,200,3,10,0.5,1,aS,131,1,42,27,70,0.82,103.6104564666748
notears,200,4,10,0.5,1,aS,147,3,34,19,56,0.87,134.10894346237183
notears,200,4,10,0.5,1,aS,140,0,41,19,60,0.88,128.1833152770996
notears,200,4,10,0.5,1,aS,118,3,49,33,85,0.77,121.5676531791687
notears,200,4,10,0.5,1,aS,134,3,37,29,69,0.81,133.46790194511414
notears,200,4,10,0.5,1,aS,149,1,32,19,52,0.88,117.53053975105286
notears,200,4,10,0.5,1,aS,131,1,44,25,70,0.83,128.25488829612732
notears,200,4,10,0.5,1,aS,138,3,40,22,65,0.85,135.02042531967163
notears,200,4,10,0.5,1,aS,153,1,30,17,48,0.89,119.53327417373657
notears,200,4,10,0.5,1,aS,126,1,46,28,75,0.81,136.82260179519653
notears,200,4,10,0.5,1,aS,144,1,39,17,57,0.89,124.64882254600525
notears,200,5,10,0.5,1,aS,134,0,41,25,66,0.84,102.74217247962952
notears,200,5,10,0.5,1,aS,122,3,48,30,81,0.79,128.76817512512207
notears,200,5,10,0.5,1,aS,133,3,41,26,70,0.82,104.28992986679077
notears,200,5,10,0.5,1,aS,129,0,41,30,71,0.81,105.69540238380432
notears,200,5,10,0.5,1,aS,128,0,42,30,72,0.81,98.56507587432861
notears,200,5,10,0.5,1,aS,142,0,34,24,58,0.86,74.65159344673157
notears,200,5,10,0.5,1,aS,130,0,41,29,70,0.82,89.07314562797546
notears,200,5,10,0.5,1,aS,137,1,37,26,64,0.84,89.56458640098572
notears,200,5,10,0.5,1,aS,138,0,43,19,62,0.88,90.67475271224976
notears,200,5,10,0.5,1,aS,132,1,38,30,69,0.81,90.57061958312988
notears,300,3,10,0.5,1,aS,200,1,72,28,101,0.87,169.43749523162842
notears,300,3,10,0.5,1,aS,218,4,60,22,86,0.89,164.71447682380676
notears,300,3,10,0.5,1,aS,190,3,77,33,113,0.84,170.53464722633362
notears,300,3,10,0.5,1,aS,194,2,75,31,108,0.85,182.27969408035278
notears,300,3,10,0.5,1,aS,206,4,63,31,98,0.85,176.82880091667175
notears,300,3,10,0.5,1,aS,206,3,66,28,97,0.87,171.22093319892883
notears,300,3,10,0.5,1,aS,205,2,63,32,97,0.86,169.67934226989746
notears,300,3,10,0.5,1,aS,193,5,76,31,112,0.84,158.37524795532227
notears,300,3,10,0.5,1,aS,193,6,79,28,113,0.85,173.61663126945496
notears,300,3,10,0.5,1,aS,203,3,70,27,100,0.87,163.66719126701355
notears,300,4,10,0.5,1,aS,197,3,65,38,106,0.83,205.06594800949097
notears,300,4,10,0.5,1,aS,199,5,64,37,106,0.83,195.44548630714417
notears,300,4,10,0.5,1,aS,187,3,77,36,116,0.83,197.7128129005432
notears,300,4,10,0.5,1,aS,201,4,67,32,103,0.85,204.3164999485016
notears,300,4,10,0.5,1,aS,197,4,71,32,107,0.85,219.52616572380066
notears,300,4,10,0.5,1,aS,173,6,83,44,133,0.78,189.97860288619995
notears,300,4,10,0.5,1,aS,193,2,65,42,109,0.81,201.21553802490234
notears,300,4,10,0.5,1,aS,209,4,64,27,95,0.87,195.4452772140503
notears,300,4,10,0.5,1,aS,201,4,65,34,103,0.84,203.65297746658325
notears,300,4,10,0.5,1,aS,198,5,69,33,107,0.84,183.44751119613647
notears,300,5,10,0.5,1,aS,183,3,74,43,120,0.8,168.20414686203003
notears,300,5,10,0.5,1,aS,192,4,74,34,112,0.83,164.72236704826355
notears,300,5,10,0.5,1,aS,182,4,74,44,122,0.79,208.27703475952148
notears,300,5,10,0.5,1,aS,197,3,65,38,106,0.83,212.50525856018066
notears,300,5,10,0.5,1,aS,188,3,69,43,115,0.8,205.37670636177063
notears,300,5,10,0.5,1,aS,176,3,79,45,127,0.79,233.71339011192322
notears,300,5,10,0.5,1,aS,179,4,74,47,125,0.78,233.07225608825684
notears,300,5,10,0.5,1,aS,179,4,74,47,125,0.78,215.25739574432373
notears,300,5,10,0.5,1,aS,185,6,73,42,121,0.79,238.58577966690063
notears,300,5,10,0.5,1,aS,182,3,73,45,121,0.79,241.39634585380554
notears,400,3,10,0.5,1,aS,277,5,82,41,128,0.86,326.6819920539856
notears,400,3,10,0.5,1,aS,286,3,82,32,117,0.89,301.43996357917786
notears,400,3,10,0.5,1,aS,265,5,94,41,140,0.85,304.22152829170227
notears,400,3,10,0.5,1,aS,265,4,92,43,139,0.85,280.5927805900574
notears,400,3,10,0.5,1,aS,295,3,73,32,108,0.89,231.0730917453766
notears,400,3,10,0.5,1,aS,275,3,88,37,128,0.87,240.52164769172668
notears,400,3,10,0.5,1,aS,263,3,91,46,140,0.84,237.87367796897888
notears,400,3,10,0.5,1,aS,275,2,85,40,127,0.87,223.1347517967224
notears,400,3,10,0.5,1,aS,269,5,89,42,136,0.85,237.10568499565125
notears,400,3,10,0.5,1,aS,291,4,71,38,113,0.87,230.49159932136536
notears,400,4,10,0.5,1,aS,271,6,86,43,135,0.85,278.0902862548828
notears,400,4,10,0.5,1,aS,257,6,94,49,149,0.82,274.0309097766876
notears,400,4,10,0.5,1,aS,267,5,91,42,138,0.85,274.55789375305176
notears,400,4,10,0.5,1,aS,275,8,84,41,133,0.85,239.7056999206543
notears,400,4,10,0.5,1,aS,279,7,83,38,128,0.86,229.79306292533875
notears,400,4,10,0.5,1,aS,278,4,86,36,126,0.87,233.20446729660034
notears,400,4,10,0.5,1,aS,275,7,80,45,132,0.84,232.85959434509277
notears,400,4,10,0.5,1,aS,280,6,83,37,126,0.87,235.68142437934875
notears,400,4,10,0.5,1,aS,277,4,81,42,127,0.86,251.40704083442688
notears,400,4,10,0.5,1,aS,270,10,88,42,140,0.84,235.21043300628662
notears,400,5,10,0.5,1,aS,252,2,94,54,150,0.82,219.21119499206543
notears,400,5,10,0.5,1,aS,258,3,96,46,145,0.84,220.64957475662231
notears,400,5,10,0.5,1,aS,254,6,97,49,152,0.82,210.96671652793884
notears,400,5,10,0.5,1,aS,257,5,91,52,148,0.82,215.19931507110596
notears,400,5,10,0.5,1,aS,273,1,81,46,128,0.85,214.13911652565002
notears,400,5,10,0.5,1,aS,262,3,91,47,141,0.84,219.29548740386963
notears,400,5,10,0.5,1,aS,263,2,90,47,139,0.84,220.72497987747192
notears,400,5,10,0.5,1,aS,261,5,88,51,144,0.82,220.3755464553833
notears,400,5,10,0.5,1,aS,258,3,97,45,145,0.84,266.87489008903503
notears,400,5,10,0.5,1,aS,251,4,96,53,153,0.81,220.83719539642334
notears,500,3,10,0.5,1,aS,339,4,119,42,165,0.88,482.7488088607788
notears,500,3,10,0.5,1,aS,344,3,115,41,159,0.89,383.72300243377686
notears,500,3,10,0.5,1,aS,326,4,110,64,178,0.83,387.7664301395416
notears,500,3,10,0.5,1,aS,337,3,117,46,166,0.87,401.3166563510895
notears,500,3,10,0.5,1,aS,339,4,110,51,165,0.86,392.1903042793274
notears,500,3,10,0.5,1,aS,350,2,108,42,152,0.89,392.5376672744751
notears,500,3,10,0.5,1,aS,333,5,114,53,172,0.85,417.53403878211975
notears,500,3,10,0.5,1,aS,356,3,103,41,147,0.89,442.63001918792725
notears,500,3,10,0.5,1,aS,348,3,102,50,155,0.87,430.4093644618988
notears,500,3,10,0.5,1,aS,350,4,104,46,154,0.88,440.68854331970215
notears,500,4,10,0.5,1,aS,354,6,106,40,152,0.89,436.63824939727783
notears,500,4,10,0.5,1,aS,336,2,112,52,166,0.86,432.39659094810486
notears,500,4,10,0.5,1,aS,332,2,119,49,170,0.87,434.2137448787689
notears,500,4,10,0.5,1,aS,342,3,108,50,161,0.87,445.26416015625
notears,500,4,10,0.5,1,aS,321,4,121,58,183,0.84,426.6341361999512
notears,500,4,10,0.5,1,aS,349,3,102,49,154,0.87,430.82612681388855
notears,500,4,10,0.5,1,aS,342,1,108,50,159,0.87,382.47979283332825
notears,500,4,10,0.5,1,aS,326,2,117,57,176,0.85,471.12230372428894
notears,500,4,10,0.5,1,aS,318,5,131,51,187,0.85,437.334468126297
notears,500,4,10,0.5,1,aS,305,2,130,65,197,0.82,405.25042366981506
notears,500,5,10,0.5,1,aS,315,6,116,69,191,0.81,462.5308749675751
notears,500,5,10,0.5,1,aS,324,7,121,55,183,0.84,384.1199345588684
notears,500,5,10,0.5,1,aS,314,8,120,66,194,0.81,390.23578119277954
notears,500,5,10,0.5,1,aS,294,8,132,74,214,0.78,429.597806930542
notears,500,5,10,0.5,1,aS,315,7,123,62,192,0.82,467.65658235549927
notears,500,5,10,0.5,1,aS,307,5,125,68,198,0.81,433.38957023620605
notears,500,5,10,0.5,1,aS,318,5,128,54,187,0.84,385.4117748737335
notears,500,5,10,0.5,1,aS,317,8,128,55,191,0.83,492.48427057266235
notears,500,5,10,0.5,1,aS,292,5,137,71,213,0.79,435.7041621208191
notears,500,5,10,0.5,1,aS,291,6,135,74,215,0.78,412.7938823699951
notears,200,3,10,0.5,1,n,121,1,37,42,80,0.74,95.62107157707214
notears,200,3,10,0.5,1,n,124,2,29,47,78,0.72,87.9022581577301
notears,200,3,10,0.5,1,n,121,4,38,41,83,0.73,92.43082880973816
notears,200,3,10,0.5,1,n,123,7,37,40,84,0.72,80.38463354110718
notears,200,3,10,0.5,1,n,122,6,35,43,84,0.71,83.07056260108948
notears,200,3,10,0.5,1,n,118,3,42,40,85,0.73,82.0586211681366
notears,200,3,10,0.5,1,n,116,2,40,44,86,0.72,84.83686304092407
notears,200,3,10,0.5,1,n,111,6,36,53,95,0.65,83.63693761825562
notears,200,3,10,0.5,1,n,131,4,29,40,73,0.75,92.77794981002808
notears,200,3,10,0.5,1,n,112,5,36,52,93,0.66,83.31996965408325
notears,200,4,10,0.5,1,n,106,4,36,58,98,0.63,84.91872096061707
notears,200,4,10,0.5,1,n,112,7,42,46,95,0.68,88.09513974189758
notears,200,4,10,0.5,1,n,121,3,34,45,82,0.72,87.21305203437805
notears,200,4,10,0.5,1,n,126,3,28,46,77,0.72,85.82953476905823
notears,200,4,10,0.5,1,n,123,5,33,44,82,0.72,86.65309882164001
notears,200,4,10,0.5,1,n,132,5,29,39,73,0.75,86.88730931282043
notears,200,4,10,0.5,1,n,120,1,33,47,81,0.71,83.47490572929382
notears,200,4,10,0.5,1,n,118,3,35,47,85,0.7,88.34264135360718
notears,200,4,10,0.5,1,n,112,4,33,55,92,0.65,87.09733319282532
notears,200,4,10,0.5,1,n,111,4,35,54,93,0.66,85.60668396949768
notears,200,5,10,0.5,1,n,112,5,29,59,93,0.64,90.28718638420105
notears,200,5,10,0.5,1,n,104,5,36,60,101,0.62,90.8402042388916
notears,200,5,10,0.5,1,n,106,6,37,57,100,0.63,89.37719106674194
notears,200,5,10,0.5,1,n,108,4,33,59,96,0.63,88.71096897125244
notears,200,5,10,0.5,1,n,101,5,37,62,104,0.6,90.49815726280212
notears,200,5,10,0.5,1,n,96,4,39,65,108,0.58,87.87534880638123
notears,200,5,10,0.5,1,n,98,4,41,61,106,0.6,84.38849425315857
notears,200,5,10,0.5,1,n,107,4,34,59,97,0.63,83.2730975151062
notears,200,5,10,0.5,1,n,115,2,33,52,87,0.68,84.40275001525879
notears,200,5,10,0.5,1,n,105,4,35,60,99,0.62,85.92114090919495
notears,300,3,10,0.5,1,n,162,6,54,84,144,0.64,152.76034140586853
notears,300,3,10,0.5,1,n,167,5,54,79,138,0.67,148.76311016082764
notears,300,3,10,0.5,1,n,141,9,68,91,168,0.59,146.95625710487366
notears,300,3,10,0.5,1,n,146,6,66,88,160,0.61,150.44354271888733
notears,300,3,10,0.5,1,n,150,5,65,85,155,0.62,146.76048398017883
notears,300,3,10,0.5,1,n,162,7,56,82,145,0.65,154.26723980903625
notears,300,3,10,0.5,1,n,169,4,54,77,135,0.68,159.93445229530334
notears,300,3,10,0.5,1,n,143,2,57,100,159,0.58,165.7706274986267
notears,300,3,10,0.5,1,n,158,5,54,88,147,0.63,158.58919024467468
notears,300,3,10,0.5,1,n,162,7,54,84,145,0.64,151.5997211933136
notears,300,4,10,0.5,1,n,159,5,58,83,146,0.64,147.90222144126892
notears,300,4,10,0.5,1,n,151,8,54,95,157,0.59,162.55722975730896
notears,300,4,10,0.5,1,n,156,6,55,89,150,0.62,156.28949737548828
notears,300,4,10,0.5,1,n,168,4,59,73,136,0.69,165.70176768302917
notears,300,4,10,0.5,1,n,153,8,54,93,155,0.6,150.06831884384155
notears,300,4,10,0.5,1,n,138,5,68,94,167,0.58,149.48013925552368
notears,300,4,10,0.5,1,n,153,8,58,89,155,0.61,147.95263147354126
notears,300,4,10,0.5,1,n,154,6,59,87,152,0.62,154.8451383113861
notears,300,4,10,0.5,1,n,158,6,52,90,148,0.62,148.6383557319641
notears,300,4,10,0.5,1,n,173,8,51,76,135,0.67,147.01290583610535
notears,300,5,10,0.5,1,n,119,7,70,111,188,0.5,146.13373827934265
notears,300,5,10,0.5,1,n,154,5,48,98,151,0.6,156.31741166114807
notears,300,5,10,0.5,1,n,135,6,59,106,171,0.55,147.95554161071777
notears,300,5,10,0.5,1,n,133,4,64,103,171,0.55,149.92692685127258
notears,300,5,10,0.5,1,n,138,5,58,104,167,0.56,146.98572754859924
notears,300,5,10,0.5,1,n,141,5,56,103,164,0.57,147.9685037136078
notears,300,5,10,0.5,1,n,134,4,67,99,170,0.57,154.02117490768433
notears,300,5,10,0.5,1,n,154,5,56,90,151,0.62,168.07287883758545
notears,300,5,10,0.5,1,n,140,5,56,104,165,0.56,148.04439687728882
notears,300,5,10,0.5,1,n,137,7,59,104,170,0.55,148.80998992919922
notears,400,3,10,0.5,1,n,234,10,68,98,176,0.68,193.7288339138031
notears,400,3,10,0.5,1,n,238,7,64,98,169,0.69,223.90044808387756
notears,400,3,10,0.5,1,n,236,9,66,98,173,0.69,219.66564917564392
notears,400,3,10,0.5,1,n,239,8,62,99,169,0.69,230.16479444503784
notears,400,3,10,0.5,1,n,242,7,63,95,165,0.7,215.40973114967346
notears,400,3,10,0.5,1,n,222,9,69,109,187,0.65,200.79177141189575
notears,400,3,10,0.5,1,n,246,7,68,86,161,0.73,182.2253475189209
notears,400,3,10,0.5,1,n,218,10,74,108,192,0.65,181.46356654167175
notears,400,3,10,0.5,1,n,245,6,66,89,161,0.72,186.781653881073
notears,400,3,10,0.5,1,n,215,10,72,113,195,0.64,181.22230434417725
notears,400,4,10,0.5,1,n,219,13,69,112,194,0.64,182.96714878082275
notears,400,4,10,0.5,1,n,231,14,63,106,183,0.66,212.12498307228088
notears,400,4,10,0.5,1,n,216,15,75,109,199,0.64,186.4003722667694
notears,400,4,10,0.5,1,n,233,16,62,105,183,0.66,201.2583246231079
notears,400,4,10,0.5,1,n,213,14,75,112,201,0.63,195.98544263839722
notears,400,4,10,0.5,1,n,218,17,65,117,199,0.62,195.47402620315552
notears,400,4,10,0.5,1,n,225,14,66,109,189,0.65,206.84983348846436
notears,400,4,10,0.5,1,n,221,13,61,118,192,0.63,244.11897563934326
notears,400,4,10,0.5,1,n,213,15,67,120,202,0.61,214.69944095611572
notears,400,4,10,0.5,1,n,198,12,76,126,214,0.59,188.0790946483612
notears,400,5,10,0.5,1,n,165,4,91,144,239,0.53,194.1398549079895
notears,400,5,10,0.5,1,n,210,8,72,118,198,0.62,203.19600462913513
notears,400,5,10,0.5,1,n,189,8,73,138,219,0.56,206.5202193260193
notears,400,5,10,0.5,1,n,204,5,77,119,201,0.62,232.00403475761414
notears,400,5,10,0.5,1,n,211,10,70,119,199,0.62,190.0750515460968
notears,400,5,10,0.5,1,n,187,7,83,130,220,0.58,205.26499557495117
notears,400,5,10,0.5,1,n,189,7,84,127,218,0.59,199.7070107460022
notears,400,5,10,0.5,1,n,188,4,82,130,216,0.58,201.01032733917236
notears,400,5,10,0.5,1,n,189,6,80,131,217,0.58,214.16514563560486
notears,400,5,10,0.5,1,n,189,4,80,131,215,0.58,219.77044320106506
notears,500,3,10,0.5,1,n,275,10,89,136,235,0.65,422.47907280921936
notears,500,3,10,0.5,1,n,272,8,87,141,236,0.65,387.94666171073914
notears,500,3,10,0.5,1,n,285,9,91,124,224,0.68,396.6763846874237
notears,500,3,10,0.5,1,n,274,9,93,133,235,0.66,390.49846053123474
notears,500,3,10,0.5,1,n,264,8,88,148,244,0.63,383.4909770488739
notears,500,3,10,0.5,1,n,266,9,104,130,243,0.66,413.69982171058655
notears,500,3,10,0.5,1,n,282,10,90,128,228,0.67,414.79026317596436
notears,500,3,10,0.5,1,n,280,9,86,134,229,0.66,420.3774924278259
notears,500,3,10,0.5,1,n,277,10,88,135,233,0.66,418.832896232605
notears,500,3,10,0.5,1,n,277,10,89,134,233,0.66,420.83461332321167
notears,500,4,10,0.5,1,n,281,8,88,131,227,0.67,414.50196075439453
notears,500,4,10,0.5,1,n,272,7,95,133,235,0.66,422.53565740585327
notears,500,4,10,0.5,1,n,287,10,82,131,223,0.67,414.5348451137543
notears,500,4,10,0.5,1,n,264,7,86,150,243,0.63,414.618763923645
notears,500,4,10,0.5,1,n,253,9,101,146,256,0.62,414.5589425563812
notears,500,4,10,0.5,1,n,275,10,91,134,235,0.66,406.73464369773865
notears,500,4,10,0.5,1,n,275,7,91,134,232,0.66,414.68872475624084
notears,500,4,10,0.5,1,n,259,7,94,147,248,0.63,405.1391427516937
notears,500,4,10,0.5,1,n,266,8,93,141,242,0.64,386.8459358215332
notears,500,4,10,0.5,1,n,248,8,101,151,260,0.61,402.1639595031738
notears,500,5,10,0.5,1,n,234,11,98,168,277,0.57,433.7920808792114
notears,500,5,10,0.5,1,n,222,12,103,175,290,0.54,437.368531703949
notears,500,5,10,0.5,1,n,222,13,100,178,291,0.54,448.0799140930176
notears,500,5,10,0.5,1,n,224,10,99,177,286,0.55,430.17496132850647
notears,500,5,10,0.5,1,n,226,11,103,171,285,0.55,445.76923394203186
notears,500,5,10,0.5,1,n,244,12,91,165,268,0.58,423.08227467536926
notears,500,5,10,0.5,1,n,209,10,113,178,301,0.53,413.54337763786316
notears,500,5,10,0.5,1,n,219,9,101,180,290,0.54,416.68395495414734
notears,500,5,10,0.5,1,n,238,10,96,166,272,0.57,413.431898355484
notears,500,5,10,0.5,1,n,235,11,102,163,276,0.57,450.08480954170227
